{
	"textures": {
		"type2": "opensignals:blocks/jeronimo/hm/quartz_block_bottom",
		"type3": "opensignals:blocks/jeronimo/hm/bone_block_side"
	},
	"models": {
		"jeronimo/hm/hmwhite": {
			"textures": [
				{
					"blockstate": "with(HMTYPES2.HMWHITE1)"
				},
				{
					"blockstate": "with(HMTYPES2.HMWHITE2)",
					"retexture": {
						"stone": "type2"
					}
				},
				{
					"blockstate": "with(HMTYPES2.HMWHITE3)",
					"retexture": {
						"stone": "type3"
					}
				}
			],
			"y": 0
		}
	}
}