{
    "systemProperties": {
    "placementToolName": "hmtool",
    "canLink": false,
	"customNameRenderHeight": 1.1,
	"signWidth": 14,
	"signScale": 2.4,
	"textColor": 0,
	"offsetX": 3.5,
    "defaultHeight": 0,
	"doubleSidedText": {
		"config(DOUBLESIDED.TRUE)": true
			}
		},
		
		"seProperties": [
        {
            "name": "hmtypes2",
            "enumClass": "HMTYPEWHITE",
            "defaultState": "HMWHITE1",
            "changeableStage": "GUISTAGE",
            "autoname": false
        },
		{
            "name": "doublesided",
            "defaultState": true,
            "changeableStage": "GUISTAGE"
        }
    ]
}
