{
	"credit": "Made with Blockbench",
	"textures": {
		"particle": "opensignals:blocks/jeronimo/hm/cobblestone",
		"stone": "opensignals:blocks/jeronimo/hm/cobblestone"
	},
	"elements": [
		{
			"from": [6, 0, 6],
			"to": [10, 9, 10],
			"faces": {
				"north": {"uv": [0, 0, 4, 9], "texture": "#stone"},
				"east": {"uv": [0, 0, 4, 9], "texture": "#stone"},
				"south": {"uv": [0, 0, 4, 9], "texture": "#stone"},
				"west": {"uv": [0, 0, 4, 9], "texture": "#stone"},
				"up": {"uv": [0, 0, 4, 4], "rotation": 90, "texture": "#stone"},
				"down": {"uv": [0, 0, 4, 4], "rotation": 270, "texture": "#stone"}
			}
		},
		{
			"from": [3, 11, 6],
			"to": [13, 22, 10],
			"faces": {
				"north": {"uv": [0, 0, 10, 11], "texture": "#stone"},
				"east": {"uv": [0, 0, 4, 11], "texture": "#stone"},
				"south": {"uv": [0, 0, 10, 11], "texture": "#stone"},
				"west": {"uv": [0, 0, 4, 11], "texture": "#stone"},
				"up": {"uv": [0, 0, 4, 10], "rotation": 90, "texture": "#stone"},
				"down": {"uv": [0, 0, 4, 10], "rotation": 270, "texture": "#stone"}
			}
		},
		{
			"from": [4, 22, 6],
			"to": [12, 23, 10],
			"faces": {
				"north": {"uv": [0, 0, 8, 1], "texture": "#stone"},
				"east": {"uv": [0, 0, 4, 1], "texture": "#stone"},
				"south": {"uv": [0, 0, 8, 1], "texture": "#stone"},
				"west": {"uv": [0, 0, 4, 1], "texture": "#stone"},
				"up": {"uv": [0, 0, 4, 8], "rotation": 90, "texture": "#stone"},
				"down": {"uv": [0, 0, 4, 8], "rotation": 270, "texture": "#stone"}
			}
		},
		{
			"from": [4, 10, 6],
			"to": [12, 11, 10],
			"faces": {
				"north": {"uv": [0, 0, 8, 1], "texture": "#stone"},
				"east": {"uv": [0, 0, 4, 1], "texture": "#stone"},
				"south": {"uv": [0, 0, 8, 1], "texture": "#stone"},
				"west": {"uv": [0, 0, 4, 1], "texture": "#stone"},
				"up": {"uv": [0, 0, 4, 8], "rotation": 90, "texture": "#stone"},
				"down": {"uv": [0, 0, 4, 8], "rotation": 270, "texture": "#stone"}
			}
		},
		{
			"from": [5, 23, 6],
			"to": [11, 24, 10],
			"faces": {
				"north": {"uv": [0, 0, 6, 1], "texture": "#stone"},
				"east": {"uv": [0, 0, 4, 1], "texture": "#stone"},
				"south": {"uv": [0, 0, 6, 1], "texture": "#stone"},
				"west": {"uv": [0, 0, 4, 1], "texture": "#stone"},
				"up": {"uv": [0, 0, 4, 6], "rotation": 90, "texture": "#stone"},
				"down": {"uv": [0, 0, 4, 6], "rotation": 270, "texture": "#stone"}
			}
		},
		{
			"from": [5, 9, 6],
			"to": [11, 10, 10],
			"faces": {
				"north": {"uv": [0, 0, 6, 1], "texture": "#stone"},
				"east": {"uv": [0, 0, 4, 1], "texture": "#stone"},
				"south": {"uv": [0, 0, 6, 1], "texture": "#stone"},
				"west": {"uv": [0, 0, 4, 1], "texture": "#stone"},
				"up": {"uv": [0, 0, 4, 6], "rotation": 90, "texture": "#stone"},
				"down": {"uv": [0, 0, 4, 6], "rotation": 270, "texture": "#stone"}
			}
		}
	]
}