{
	"credit": "Made with Blockbench",
	"textures": {
		"stone": "blocks/concrete_powder_white",
		"particle": "blocks/concrete_powder_white"
	},
	"elements": [
		{
			"from": [3, 4, 6],
			"to": [13, 20, 10],
			"rotation": {"angle": 0, "axis": "y", "origin": [0, 1, 0]},
			"faces": {
				"north": {"uv": [0, 0, 10, 16], "texture": "#stone"},
				"east": {"uv": [0, 0, 4, 16], "texture": "#stone"},
				"south": {"uv": [0, 0, 10, 16], "texture": "#stone"},
				"west": {"uv": [0, 0, 4, 16], "texture": "#stone"},
				"up": {"uv": [0, 0, 4, 10], "rotation": 90, "texture": "#stone"},
				"down": {"uv": [0, 0, 4, 10], "rotation": 270, "texture": "#stone"}
			}
		},
		{
			"from": [2, 0, 5],
			"to": [14, 4, 11],
			"rotation": {"angle": 0, "axis": "y", "origin": [-6, 0, -1]},
			"faces": {
				"north": {"uv": [0, 0, 12, 4], "texture": "#stone"},
				"east": {"uv": [0, 0, 6, 4], "texture": "#stone"},
				"south": {"uv": [0, 0, 12, 4], "texture": "#stone"},
				"west": {"uv": [0, 0, 6, 4], "texture": "#stone"},
				"up": {"uv": [0, 0, 6, 12], "rotation": 90, "texture": "#stone"},
				"down": {"uv": [0, 0, 6, 12], "rotation": 270, "texture": "#stone"}
			}
		},
		{
			"from": [4, 20, 6],
			"to": [12, 21, 10],
			"rotation": {"angle": 0, "axis": "y", "origin": [0, 1, 0]},
			"faces": {
				"north": {"uv": [0, 0, 8, 1], "texture": "#stone"},
				"east": {"uv": [0, 0, 4, 1], "texture": "#stone"},
				"south": {"uv": [0, 0, 8, 1], "texture": "#stone"},
				"west": {"uv": [0, 0, 4, 1], "texture": "#stone"},
				"up": {"uv": [0, 0, 4, 8], "rotation": 90, "texture": "#stone"},
				"down": {"uv": [0, 0, 4, 8], "rotation": 270, "texture": "#stone"}
			}
		},
		{
			"from": [5, 21, 6],
			"to": [11, 22, 10],
			"rotation": {"angle": 0, "axis": "y", "origin": [1, 2, 0]},
			"faces": {
				"north": {"uv": [0, 0, 6, 1], "texture": "#stone"},
				"east": {"uv": [0, 0, 4, 1], "texture": "#stone"},
				"south": {"uv": [0, 0, 6, 1], "texture": "#stone"},
				"west": {"uv": [0, 0, 4, 1], "texture": "#stone"},
				"up": {"uv": [0, 0, 4, 6], "rotation": 90, "texture": "#stone"},
				"down": {"uv": [0, 0, 4, 6], "rotation": 270, "texture": "#stone"}
			}
		}
	]
}